{"cameraMode":{"drawMode":0,"name":"Shaded","section":"Shading Mode"},"sceneLighting":false,"audioPlay":false,"sceneViewState":{"showFog":true,"showMaterialUpdate":false,"showSkybox":false,"showFlares":true,"showImageEffects":true,"showParticleSystems":true},"in2DMode":false,"pivot":{"x":-0.6279725432395935,"y":0.029175639152526857,"z":-0.08219170570373535},"rotation":{"x":-0.2380513995885849,"y":-0.09336692094802857,"z":0.022997066378593446,"w":-0.9664828181266785},"size":1.1937888860702515,"orthographic":false}